"Name","acc@5","acc@N","acc@1","State","Notes","User","Tags","Created","Runtime","Sweep","anti_cca_enabled","captioner.model","captioner.prompt","config","data.group1","data.group2","data.name","data.purity","data.root","data.subset","differ.clip_model","differ.method","differ.model","differ.prompt_cls_0","differ.prompt_cls_1","evaluator.method","evaluator.model","evaluator.n_hypotheses","project","proposer.method","proposer.model","proposer.num_hypotheses","proposer.num_rounds","proposer.num_samples","proposer.prompt","proposer.sampling_method","ranker.classify_threshold","ranker.clip_dataset","ranker.clip_model","ranker.max_num_samples","ranker.method","seed","wandb","top_1_difference","top_1_score","top_2_difference","top_2_score","top_3_difference","top_3_score","top_4_difference","top_4_score","top_5_difference","top_5_score"
"PairedImageSets","0.5","0.5","0.5","finished","-","","","2025-12-01T07:26:09.000Z","39","","false","blip","Describe this image in detail.","configs/sweep_visdiffbench_purity1.0_seed0/99_medium.yaml","Classic movies in black and white","Classic movies in Technicolor","PairedImageSets","1","./data","false","ViT-bigG-14","AntiCCA","gpt-4","CLS_0_DIFF","CLS_1_DIFF","GPTEvaluator","gpt-4","5","PairedImageSets","LLMProposer","gpt-4","10","3","20","CLIP_FRIENDLY","random","0.3","laion2b_s39b_b160k","ViT-bigG-14","5000","CLIPRanker","0","true","black and white image of a man and woman holding a gun in the rain","0.8839","a man and woman talking on the phone in front of a mirror","0.8313","a man and a woman standing in a courtroom","0.7864","a man in a suit and a woman in a hat","0.7559","a man and woman in a hat looking at each other","0.7488999999999999"
"PairedImageSets","1","1","0.5","finished","-","","","2025-12-01T07:25:25.000Z","37","","false","blip","Describe this image in detail.","configs/sweep_visdiffbench_purity1.0_seed0/98_medium.yaml","Wild horses in American plains","Wild zebras in African savannahs","PairedImageSets","1","./data","false","ViT-bigG-14","AntiCCA","gpt-4","CLS_0_DIFF","CLS_1_DIFF","GPTEvaluator","gpt-4","5","PairedImageSets","LLMProposer","gpt-4","10","3","20","CLIP_FRIENDLY","random","0.3","laion2b_s39b_b160k","ViT-bigG-14","5000","CLIPRanker","0","true","a brown horse standing in the brush","0.9409","a brown horse is standing in a grassy field","0.9336","horses running in the desert with the words nat geo wild","0.9098","a horse is standing in the middle of a field","0.907","a group of horses running in a field at sunset","0.9068"
"PairedImageSets","1","1","1","finished","-","","","2025-12-01T07:24:39.000Z","40","","false","blip","Describe this image in detail.","configs/sweep_visdiffbench_purity1.0_seed0/97_medium.yaml","Dishes from Thai cuisine","Dishes from Vietnamese cuisine","PairedImageSets","1","./data","false","ViT-bigG-14","AntiCCA","gpt-4","CLS_0_DIFF","CLS_1_DIFF","GPTEvaluator","gpt-4","5","PairedImageSets","LLMProposer","gpt-4","10","3","20","CLIP_FRIENDLY","random","0.3","laion2b_s39b_b160k","ViT-bigG-14","5000","CLIPRanker","0","true","a bowl of thai curry with shrimp and vegetables","0.8552000000000001","a bowl of thai curry with shrimp on a white plate","0.8513000000000001","a plate of fried rice with vegetables and a lime","0.8241","chinese chicken stir fried with onions and cashew nuts in a white bowl","0.6929","a pineapple stuffed with rice and vegetables on a plate","0.6895000000000001"
"PairedImageSets","1","1","1","finished","-","","","2025-12-01T07:23:54.000Z","38","","false","blip","Describe this image in detail.","configs/sweep_visdiffbench_purity1.0_seed0/96_medium.yaml","Fruits arranged in a still life setting","Flowers arranged in a still life setting","PairedImageSets","1","./data","false","ViT-bigG-14","AntiCCA","gpt-4","CLS_0_DIFF","CLS_1_DIFF","GPTEvaluator","gpt-4","5","PairedImageSets","LLMProposer","gpt-4","10","3","20","CLIP_FRIENDLY","random","0.3","laion2b_s39b_b160k","ViT-bigG-14","5000","CLIPRanker","0","true","three apples and pears on a plate","0.9467","a variety of fruits and vegetables on a wooden table","0.9397","a painting of a bunch of fruit on a table","0.9382","a basket of fruit on a table","0.9217","a group of oranges and apples on a table in a dark room","0.9119"
"PairedImageSets","1","1","1","finished","-","","","2025-12-01T07:23:06.000Z","41","","false","blip","Describe this image in detail.","configs/sweep_visdiffbench_purity1.0_seed0/95_medium.yaml","Seascapes during a storm","Seascapes during a calm day","PairedImageSets","1","./data","false","ViT-bigG-14","AntiCCA","gpt-4","CLS_0_DIFF","CLS_1_DIFF","GPTEvaluator","gpt-4","5","PairedImageSets","LLMProposer","gpt-4","10","3","20","CLIP_FRIENDLY","random","0.3","laion2b_s39b_b160k","ViT-bigG-14","5000","CLIPRanker","0","true","an oil painting of a stormy sea","0.96725","a painting of a stormy sea with waves crashing over rocks","0.96395","an image of a stormy ocean with waves crashing against the side of a ship","0.96185","a stormy sky with dark clouds and stormy waves","0.94405","the image shows a large wave crashing into the ocean","0.92915"
"PairedImageSets","0.5","0.5","0.5","finished","-","","","2025-12-01T07:22:21.000Z","37","","false","blip","Describe this image in detail.","configs/sweep_visdiffbench_purity1.0_seed0/94_medium.yaml","Cars from the 1960s","Cars from the 1980s","PairedImageSets","1","./data","false","ViT-bigG-14","AntiCCA","gpt-4","CLS_0_DIFF","CLS_1_DIFF","GPTEvaluator","gpt-4","5","PairedImageSets","LLMProposer","gpt-4","10","3","20","CLIP_FRIENDLY","random","0.3","laion2b_s39b_b160k","ViT-bigG-14","5000","CLIPRanker","0","true","a 1960 ford galaxie parked in a garage","0.9613","a maroon chevrolet bel air is parked in front of a house","0.8366","a blue classic car parked on the side of the road","0.8180999999999999","a black classic car parked on the side of the road","0.7265","a blue chevrolet corvette parked on a cobblestone driveway","0.647"
"PairedImageSets","1","1","1","finished","-","","","2025-12-01T07:21:37.000Z","38","","false","blip","Describe this image in detail.","configs/sweep_visdiffbench_purity1.0_seed0/93_medium.yaml","Rivers in tropical rainforests","Rivers in alpine meadows","PairedImageSets","1","./data","false","ViT-bigG-14","AntiCCA","gpt-4","CLS_0_DIFF","CLS_1_DIFF","GPTEvaluator","gpt-4","5","PairedImageSets","LLMProposer","gpt-4","10","3","20","CLIP_FRIENDLY","random","0.3","laion2b_s39b_b160k","ViT-bigG-14","5000","CLIPRanker","0","true","a stream running through a lush tropical rainforest","0.99","a watercolor painting of a river in the jungle","0.9877","a waterfall in a tropical forest","0.9821","an aerial view of a river in the amazon rainforest","0.982","a lake surrounded by palm trees in a tropical rainforest","0.9809"
"PairedImageSets","0.5","0.5","0","finished","-","","","2025-12-01T07:20:52.000Z","37","","false","blip","Describe this image in detail.","configs/sweep_visdiffbench_purity1.0_seed0/92_medium.yaml","Candies made from dark chocolate","Candies made from milk chocolate","PairedImageSets","1","./data","false","ViT-bigG-14","AntiCCA","gpt-4","CLS_0_DIFF","CLS_1_DIFF","GPTEvaluator","gpt-4","5","PairedImageSets","LLMProposer","gpt-4","10","3","20","CLIP_FRIENDLY","random","0.3","laion2b_s39b_b160k","ViT-bigG-14","5000","CLIPRanker","0","true","valentine's day chocolates in a black box with a red napkin","0.6936","a muffin tin filled with chocolate cranberry cups","0.6683000000000001","chocolate covered cranberries on a blue plate","0.6655","heart shaped chocolates in a bowl on a pink napkin","0.6134000000000001","chocolate covered walnuts on a white background","0.6046"
"PairedImageSets","0.5","0.5","0","finished","-","","","2025-12-01T07:20:03.000Z","42","","false","blip","Describe this image in detail.","configs/sweep_visdiffbench_purity1.0_seed0/91_medium.yaml","Abstract oil paintings with warm colors","Abstract oil paintings with cool colors","PairedImageSets","1","./data","false","ViT-bigG-14","AntiCCA","gpt-4","CLS_0_DIFF","CLS_1_DIFF","GPTEvaluator","gpt-4","5","PairedImageSets","LLMProposer","gpt-4","10","3","20","CLIP_FRIENDLY","random","0.3","laion2b_s39b_b160k","ViT-bigG-14","5000","CLIPRanker","0","true","a painting of wine glasses on a table","0.61895","a painting of red poppies on a gold background","0.60795","a painting of boats docked in a harbor","0.54145","the image shows a group of abstract paintings on a wall","0.52155","a person is holding a piece of paper with a painting on it","0.5183499999999999"
"PairedImageSets","1","1","1","finished","-","","","2025-12-01T07:19:15.000Z","40","","false","blip","Describe this image in detail.","configs/sweep_visdiffbench_purity1.0_seed0/90_medium.yaml","People dancing tango","People dancing waltz","PairedImageSets","1","./data","false","ViT-bigG-14","AntiCCA","gpt-4","CLS_0_DIFF","CLS_1_DIFF","GPTEvaluator","gpt-4","5","PairedImageSets","LLMProposer","gpt-4","10","3","20","CLIP_FRIENDLY","random","0.3","laion2b_s39b_b160k","ViT-bigG-14","5000","CLIPRanker","0","true","a couple dancing a tango in front of a dark background","0.9793","a man and woman dancing a tango on a black background","0.9727","a couple dancing a tango on a stage","0.9675","a man and woman tango dancing in a dance studio","0.9402","a black and white photograph of a couple dancing a tango","0.9327"
"PairedImageSets","1","1","0.5","finished","-","","","2025-12-01T07:18:29.000Z","40","","false","blip","Describe this image in detail.","configs/sweep_visdiffbench_purity1.0_seed0/89_medium.yaml","Gothic cathedrals in Europe","Baroque churches in Europe","PairedImageSets","1","./data","false","ViT-bigG-14","AntiCCA","gpt-4","CLS_0_DIFF","CLS_1_DIFF","GPTEvaluator","gpt-4","5","PairedImageSets","LLMProposer","gpt-4","10","3","20","CLIP_FRIENDLY","random","0.3","laion2b_s39b_b160k","ViT-bigG-14","5000","CLIPRanker","0","true","the cologne cathedral lit up at night","0.9685","this image shows a large cathedral with spires","0.9644","the cathedral of notre dame in paris, france","0.9496","a view of the gothic cathedral in york, england - stock image","0.9383","the cologne cathedral in cologne, germany","0.9349"
"PairedImageSets","1","1","1","finished","-","","","2025-12-01T07:17:43.000Z","39","","false","blip","Describe this image in detail.","configs/sweep_visdiffbench_purity1.0_seed0/88_medium.yaml","Violinists playing in a quartet","Cellists playing in a quartet","PairedImageSets","1","./data","false","ViT-bigG-14","AntiCCA","gpt-4","CLS_0_DIFF","CLS_1_DIFF","GPTEvaluator","gpt-4","5","PairedImageSets","LLMProposer","gpt-4","10","3","20","CLIP_FRIENDLY","random","0.3","laion2b_s39b_b160k","ViT-bigG-14","5000","CLIPRanker","0","true","a group of people playing violins on stage","0.8312","a young woman playing the violin in a concert","0.8201","four pictures of a man playing the violin","0.8107","two young women playing violins in front of a black background","0.7721","a woman is playing a violin in a church","0.7668"
"PairedImageSets","1","1","0","finished","-","","","2025-12-01T07:16:56.000Z","41","","false","blip","Describe this image in detail.","configs/sweep_visdiffbench_purity1.0_seed0/87_medium.yaml","Bengal cat in sitting posture","Siamese cat in sitting posture","PairedImageSets","1","./data","false","ViT-bigG-14","AntiCCA","gpt-4","CLS_0_DIFF","CLS_1_DIFF","GPTEvaluator","gpt-4","5","PairedImageSets","LLMProposer","gpt-4","10","3","20","CLIP_FRIENDLY","random","0.3","laion2b_s39b_b160k","ViT-bigG-14","5000","CLIPRanker","0","true","a bengal cat standing on its hind legs","0.9959","a bengal cat sitting on a ledge","0.9954","a bengal cat standing on a wooden chair","0.9951","a bengal cat sitting on a black background","0.9889","two bengal cats sitting on a wooden floor","0.9864"
"PairedImageSets","1","1","1","finished","-","","","2025-12-01T07:16:10.000Z","39","","false","blip","Describe this image in detail.","configs/sweep_visdiffbench_purity1.0_seed0/86_medium.yaml","Butter on a slice of bread","Jam on a slice of bread","PairedImageSets","1","./data","false","ViT-bigG-14","AntiCCA","gpt-4","CLS_0_DIFF","CLS_1_DIFF","GPTEvaluator","gpt-4","5","PairedImageSets","LLMProposer","gpt-4","10","3","20","CLIP_FRIENDLY","random","0.3","laion2b_s39b_b160k","ViT-bigG-14","5000","CLIPRanker","0","true","a piece of bread with butter on it","0.9494","a slice of bread with butter and a knife on a brown background","0.9222","a slice of bread with butter and parsley on a white plate stock photography","0.8916999999999999","sliced bread and butter on a wooden cutting board stock photo","0.876","a slice of bread with butter and sesame seeds on a plate","0.8682000000000001"
"PairedImageSets","0.5","0.5","0.5","finished","-","","","2025-12-01T07:15:25.000Z","39","","false","blip","Describe this image in detail.","configs/sweep_visdiffbench_purity1.0_seed0/85_medium.yaml","Round dinner plates on a table","Square dinner plates on a table","PairedImageSets","1","./data","false","ViT-bigG-14","AntiCCA","gpt-4","CLS_0_DIFF","CLS_1_DIFF","GPTEvaluator","gpt-4","5","PairedImageSets","LLMProposer","gpt-4","10","3","20","CLIP_FRIENDLY","random","0.3","laion2b_s39b_b160k","ViT-bigG-14","5000","CLIPRanker","0","true","a round wooden plate on a white background","0.93205","a plate with a peacock design on it","0.65685","a set of four orange plates on a white background","0.63385","three white plates with gold rims on a granite countertop","0.63035","a blue plastic plate with a scalloped edge","0.62805"
"PairedImageSets","1","1","0","finished","-","","","2025-12-01T07:14:23.000Z","54","","false","blip","Describe this image in detail.","configs/sweep_visdiffbench_purity1.0_seed0/84_medium.yaml","Stuffed teddy bears on a bed","Stuffed bunny rabbits on a bed","PairedImageSets","1","./data","false","ViT-bigG-14","AntiCCA","gpt-4","CLS_0_DIFF","CLS_1_DIFF","GPTEvaluator","gpt-4","5","PairedImageSets","LLMProposer","gpt-4","10","3","20","CLIP_FRIENDLY","random","0.3","laion2b_s39b_b160k","ViT-bigG-14","5000","CLIPRanker","0","true","a girl is sleeping on a teddy bear bed","0.9552","a group of teddy bears on a bed - stock image","0.9543","a brown teddy bear is laying on a floor","0.9436","two teddy bears sitting on a blanket with a tablet","0.942","two teddy bears sitting on a bed","0.94"
"PairedImageSets","0.5","0.5","0.5","finished","-","","","2025-12-01T07:13:23.000Z","43","","false","blip","Describe this image in detail.","configs/sweep_visdiffbench_purity1.0_seed0/83_medium.yaml","Shiny metallic cars","Matte finish cars","PairedImageSets","1","./data","false","ViT-bigG-14","AntiCCA","gpt-4","CLS_0_DIFF","CLS_1_DIFF","GPTEvaluator","gpt-4","5","PairedImageSets","LLMProposer","gpt-4","10","3","20","CLIP_FRIENDLY","random","0.3","laion2b_s39b_b160k","ViT-bigG-14","5000","CLIPRanker","0","true","3d rendering of a futuristic car in a dark room","0.5972999999999999","a white volkswagen golf gti parked in a parking lot","0.5898","a red audi tt parked in a parking lot","0.5746","a silver sports car is parked in a showroom","0.5742","a purple mercedes s class parked in a parking lot","0.5686"
"PairedImageSets","1","1","0.5","finished","-","","","2025-12-01T07:12:38.000Z","39","","false","blip","Describe this image in detail.","configs/sweep_visdiffbench_purity1.0_seed0/82_medium.yaml","Sparrows on a tree","Canaries on a tree","PairedImageSets","1","./data","false","ViT-bigG-14","AntiCCA","gpt-4","CLS_0_DIFF","CLS_1_DIFF","GPTEvaluator","gpt-4","5","PairedImageSets","LLMProposer","gpt-4","10","3","20","CLIP_FRIENDLY","random","0.3","laion2b_s39b_b160k","ViT-bigG-14","5000","CLIPRanker","0","true","a sparrow sits on top of a wooden post","0.9998","a sparrow is sitting on a branch","0.9996","a brown and white bird perched on a branch","0.9989","a sparrow is perched on a wooden railing","0.9976","a sparrow is sitting on a branch with a baby bird","0.9944"
"PairedImageSets","0.5","0.5","0.5","finished","-","","","2025-12-01T07:11:52.000Z","39","","false","blip","Describe this image in detail.","configs/sweep_visdiffbench_purity1.0_seed0/81_medium.yaml","Porcelain tea cups on a tray","Glass tea cups on a tray","PairedImageSets","1","./data","false","ViT-bigG-14","AntiCCA","gpt-4","CLS_0_DIFF","CLS_1_DIFF","GPTEvaluator","gpt-4","5","PairedImageSets","LLMProposer","gpt-4","10","3","20","CLIP_FRIENDLY","random","0.3","laion2b_s39b_b160k","ViT-bigG-14","5000","CLIPRanker","0","true","a cup and saucer with roses on it","0.7317","a pink teapot, cups and saucers are on display","0.7202000000000001","a white tea set with cups and saucers on a white background","0.7133","a blue and white tea set with birds on it","0.7109","a coffee set with a deer on a tray","0.6224000000000001"
"PairedImageSets","1","1","0.5","finished","-","","","2025-12-01T07:11:07.000Z","38","","false","blip","Describe this image in detail.","configs/sweep_visdiffbench_purity1.0_seed0/80_medium.yaml","Rubber ducks in a tub","Plastic boats in a tub","PairedImageSets","1","./data","false","ViT-bigG-14","AntiCCA","gpt-4","CLS_0_DIFF","CLS_1_DIFF","GPTEvaluator","gpt-4","5","PairedImageSets","LLMProposer","gpt-4","10","3","20","CLIP_FRIENDLY","random","0.3","laion2b_s39b_b160k","ViT-bigG-14","5000","CLIPRanker","0","true","Two rubber ducks are swimming in a pool","1","Two rubber ducks in a tub of soapy water","1","A yellow rubber duck in a bubble bath","0.9996","A rubber duck in a blue hat sitting in bubbles","0.999","Rubber ducks on a white background","0.9989"
"PairedImageSets","0.5","0.5","0.5","finished","-","","","2025-12-01T07:10:19.000Z","40","","false","blip","Describe this image in detail.","configs/sweep_visdiffbench_purity1.0_seed0/79_medium.yaml","Men wearing leather gloves","Men wearing wool gloves","PairedImageSets","1","./data","false","ViT-bigG-14","AntiCCA","gpt-4","CLS_0_DIFF","CLS_1_DIFF","GPTEvaluator","gpt-4","5","PairedImageSets","LLMProposer","gpt-4","10","3","20","CLIP_FRIENDLY","random","0.3","laion2b_s39b_b160k","ViT-bigG-14","5000","CLIPRanker","0","true","a man in a leather jacket and leather pants posing in front of a door","0.94375","a young man wearing a leather jacket and a helmet","0.93515","a man in a leather jacket and leather pants is posing for a photo","0.92925","a bald man in a leather jacket leaning against a fence","0.89835","a man in a denim shirt and black leather gloves posing for a photo","0.81165"
"PairedImageSets","1","1","0.5","finished","-","","","2025-12-01T07:09:34.000Z","39","","false","blip","Describe this image in detail.","configs/sweep_visdiffbench_purity1.0_seed0/78_medium.yaml","Steel water bottles on a table","Glass water bottles on a table","PairedImageSets","1","./data","false","ViT-bigG-14","AntiCCA","gpt-4","CLS_0_DIFF","CLS_1_DIFF","GPTEvaluator","gpt-4","5","PairedImageSets","LLMProposer","gpt-4","10","3","20","CLIP_FRIENDLY","random","0.3","laion2b_s39b_b160k","ViT-bigG-14","5000","CLIPRanker","0","true","a stainless steel water bottle with a carabiner on a white background","0.88365","a stainless steel water bottle with different sizes and colors","0.8672500000000001","two stainless steel water bottles on a white background","0.80295","an image of a black jug with a handle on a white background","0.61705","a blue water bottle with a carabiner on a white background","0.56515"
"PairedImageSets","1","1","1","finished","-","","","2025-12-01T07:08:46.000Z","40","","false","blip","Describe this image in detail.","configs/sweep_visdiffbench_purity1.0_seed0/77_medium.yaml","People riding racing horses","People riding dressage horses","PairedImageSets","1","./data","false","ViT-bigG-14","AntiCCA","gpt-4","CLS_0_DIFF","CLS_1_DIFF","GPTEvaluator","gpt-4","5","PairedImageSets","LLMProposer","gpt-4","10","3","20","CLIP_FRIENDLY","random","0.3","laion2b_s39b_b160k","ViT-bigG-14","5000","CLIPRanker","0","true","a group of jockeys and horses racing on a grassy track","0.949","a group of jockeys racing horses in a race","0.9293","a group of jockeys racing horses on a dirt track","0.9288","jockeys jumping over a hurdle in a race","0.9239","two jockeys on horses racing on a grassy field stock photography","0.8864"
"PairedImageSets","0.5","0.5","0.5","finished","-","","","2025-12-01T07:08:00.000Z","39","","false","blip","Describe this image in detail.","configs/sweep_visdiffbench_purity1.0_seed0/76_medium.yaml","Ginger cats lying down","Tabby cats lying down","PairedImageSets","1","./data","false","ViT-bigG-14","AntiCCA","gpt-4","CLS_0_DIFF","CLS_1_DIFF","GPTEvaluator","gpt-4","5","PairedImageSets","LLMProposer","gpt-4","10","3","20","CLIP_FRIENDLY","random","0.3","laion2b_s39b_b160k","ViT-bigG-14","5000","CLIPRanker","0","true","an orange tabby cat laying on a white fluffy blanket","0.9182","an orange cat laying on a white bed","0.9009","an orange and white cat laying on a white bed","0.8792","an orange tabby cat is laying on top of a white box","0.8548","an orange tabby kitten is laying down on a purple background","0.8402999999999999"
"PairedImageSets","0.5","0.5","0","finished","-","","","2025-12-01T07:07:14.000Z","39","","false","blip","Describe this image in detail.","configs/sweep_visdiffbench_purity1.0_seed0/75_medium.yaml","Mechanical pencils on a desk","Ballpoint pens on a desk","PairedImageSets","1","./data","false","ViT-bigG-14","AntiCCA","gpt-4","CLS_0_DIFF","CLS_1_DIFF","GPTEvaluator","gpt-4","5","PairedImageSets","LLMProposer","gpt-4","10","3","20","CLIP_FRIENDLY","random","0.3","laion2b_s39b_b160k","ViT-bigG-14","5000","CLIPRanker","0","true","pens, pencils, watches, and a watch in a drawer","0.79165","a group of pens are lined up on a white surface","0.67465","a group of yellow pencils on a green notebook","0.6356499999999999","three pens in a box next to a clipboard","0.6073500000000001","a woman is drawing on a piece of paper","0.4986500000000001"
"PairedImageSets","0","0","0","finished","-","","","2025-12-01T07:06:28.000Z","40","","false","blip","Describe this image in detail.","configs/sweep_visdiffbench_purity1.0_seed0/74_medium.yaml","Shiny silk dresses on mannequins","Matte cotton dresses on mannequins","PairedImageSets","1","./data","false","ViT-bigG-14","AntiCCA","gpt-4","CLS_0_DIFF","CLS_1_DIFF","GPTEvaluator","gpt-4","5","PairedImageSets","LLMProposer","gpt-4","10","3","20","CLIP_FRIENDLY","random","0.3","laion2b_s39b_b160k","ViT-bigG-14","5000","CLIPRanker","0","true","a woman in a purple metallic gown posing with a thigh slit","0.9392","a woman wearing a pink satin robe with a feather slit","0.8673","a woman in a silver evening dress posing on a blue background","0.8487000000000001","a woman is posing in a red gown with a high slit","0.8361999999999999","a woman is posing in a burgundy dress with a slit","0.8279000000000001"
"PairedImageSets","1","1","1","finished","-","","","2025-12-01T07:05:37.000Z","44","","false","blip","Describe this image in detail.","configs/sweep_visdiffbench_purity1.0_seed0/73_medium.yaml","Handmade quilts on a bed","Factory-made blankets on a bed","PairedImageSets","1","./data","false","ViT-bigG-14","AntiCCA","gpt-4","CLS_0_DIFF","CLS_1_DIFF","GPTEvaluator","gpt-4","5","PairedImageSets","LLMProposer","gpt-4","10","3","20","CLIP_FRIENDLY","random","0.3","laion2b_s39b_b160k","ViT-bigG-14","5000","CLIPRanker","0","true","a colorful quilted bed in a bedroom","0.9531","a close up of a patchwork quilt","0.9481","a colorful quilt on a bed in a bedroom","0.9365","a colorful quilt is on a bed in a bedroom","0.936","A bed with a red, blue, and yellow quilted comforter","0.9176"
"PairedImageSets","1","1","0.5","finished","-","","","2025-12-01T07:04:52.000Z","39","","false","blip","Describe this image in detail.","configs/sweep_visdiffbench_purity1.0_seed0/72_medium.yaml","Vintage cars on a road","Modern cars on a road","PairedImageSets","1","./data","false","ViT-bigG-14","AntiCCA","gpt-4","CLS_0_DIFF","CLS_1_DIFF","GPTEvaluator","gpt-4","5","PairedImageSets","LLMProposer","gpt-4","10","3","20","CLIP_FRIENDLY","random","0.3","laion2b_s39b_b160k","ViT-bigG-14","5000","CLIPRanker","0","true","an old blue chevrolet bel air parked in front of a fishing boat","0.8769","an old fashioned car driving down the street","0.8667999999999999","an old car parked on the side of the road","0.8625","an old rusted car parked in the grass","0.8357","an old black truck parked on a grassy field","0.8304"
"PairedImageSets","0.5","0.5","0.5","finished","-","","","2025-12-01T07:04:03.000Z","41","","false","blip","Describe this image in detail.","configs/sweep_visdiffbench_purity1.0_seed0/71_medium.yaml","Porcelain vases on a shelf","Metal vases on a shelf","PairedImageSets","1","./data","false","ViT-bigG-14","AntiCCA","gpt-4","CLS_0_DIFF","CLS_1_DIFF","GPTEvaluator","gpt-4","5","PairedImageSets","LLMProposer","gpt-4","10","3","20","CLIP_FRIENDLY","random","0.3","laion2b_s39b_b160k","ViT-bigG-14","5000","CLIPRanker","0","true","a wooden shelf with clay pots and bowls on it","0.73615","a wooden shelf with a lot of vases on it stock photography","0.6847500000000001","a white vase on a wooden table","0.66015","a group of black and white vases on a table","0.64645","a pink vase sits on a bookshelf next to a framed this must be the place'' poster","0.60565"
"PairedImageSets","0.5","0.5","0.5","finished","-","","","2025-12-01T07:03:18.000Z","39","","false","blip","Describe this image in detail.","configs/sweep_visdiffbench_purity1.0_seed0/70_medium.yaml","Stainless steel kettles in a store","Plastic kettles in a store","PairedImageSets","1","./data","false","ViT-bigG-14","AntiCCA","gpt-4","CLS_0_DIFF","CLS_1_DIFF","GPTEvaluator","gpt-4","5","PairedImageSets","LLMProposer","gpt-4","10","3","20","CLIP_FRIENDLY","random","0.3","laion2b_s39b_b160k","ViT-bigG-14","5000","CLIPRanker","0","true","a stainless steel tea kettle on a white background","0.9389","a stainless steel kettle on a white background","0.9356","a person is holding a stainless steel kettle","0.9352","a stainless steel kettle with a bowl of rice next to it","0.9048","the image shows a silver kettle on a white background","0.8905"
"PairedImageSets","1","1","1","finished","-","","","2025-12-01T07:02:28.000Z","42","","false","blip","Describe this image in detail.","configs/sweep_visdiffbench_purity1.0_seed0/69_medium.yaml","Mushrooms in a forest","Ferns in a forest","PairedImageSets","1","./data","false","ViT-bigG-14","AntiCCA","gpt-4","CLS_0_DIFF","CLS_1_DIFF","GPTEvaluator","gpt-4","5","PairedImageSets","LLMProposer","gpt-4","10","3","20","CLIP_FRIENDLY","random","0.3","laion2b_s39b_b160k","ViT-bigG-14","5000","CLIPRanker","0","true","mushrooms growing on a tree stump in the forest","0.9999","a group of mushrooms on the ground in a wooded area","0.9998","a group of yellow mushrooms growing on a tree stump","0.9994","a group of red and orange mushrooms in a forest","0.999","a red and yellow mushroom in the woods","0.9989"
"PairedImageSets","1","1","0.5","finished","-","","","2025-12-01T07:01:43.000Z","39","","false","blip","Describe this image in detail.","configs/sweep_visdiffbench_purity1.0_seed0/68_medium.yaml","Pearl necklaces on display","Gold necklaces on display","PairedImageSets","1","./data","false","ViT-bigG-14","AntiCCA","gpt-4","CLS_0_DIFF","CLS_1_DIFF","GPTEvaluator","gpt-4","5","PairedImageSets","LLMProposer","gpt-4","10","3","20","CLIP_FRIENDLY","random","0.3","laion2b_s39b_b160k","ViT-bigG-14","5000","CLIPRanker","0","true","a white pearl bracelet with a silver clasp","0.9547","a strand of pearls arranged in a row","0.9268","a bunch of pearls on a white background","0.9248","a white pearl necklace on a black background","0.8873","a mannequin wearing a silver necklace with pearls","0.8488"
"PairedImageSets","1","1","1","finished","-","","","2025-12-01T07:00:46.000Z","49","","false","blip","Describe this image in detail.","configs/sweep_visdiffbench_purity1.0_seed0/67_medium.yaml","People eating with chopsticks","People eating with forks","PairedImageSets","1","./data","false","ViT-bigG-14","AntiCCA","gpt-4","CLS_0_DIFF","CLS_1_DIFF","GPTEvaluator","gpt-4","5","PairedImageSets","LLMProposer","gpt-4","10","3","20","CLIP_FRIENDLY","random","0.3","laion2b_s39b_b160k","ViT-bigG-14","5000","CLIPRanker","0","true","a group of people holding chopsticks while eating asian food","0.955","a person is holding chopsticks and a bowl of sauce","0.8843999999999999","people holding chopsticks to eat asian food in a restaurant stock photo","0.8724000000000001","a group of people eating sushi in a restaurant","0.8251999999999999","a group of friends eating noodles in a restaurant","0.7965000000000001"
"PairedImageSets","1","1","1","finished","-","","","2025-12-01T06:59:57.000Z","42","","false","blip","Describe this image in detail.","configs/sweep_visdiffbench_purity1.0_seed0/66_medium.yaml","Leather jackets on hangers","Denim jackets on hangers","PairedImageSets","1","./data","false","ViT-bigG-14","AntiCCA","gpt-4","CLS_0_DIFF","CLS_1_DIFF","GPTEvaluator","gpt-4","5","PairedImageSets","LLMProposer","gpt-4","10","3","20","CLIP_FRIENDLY","random","0.3","laion2b_s39b_b160k","ViT-bigG-14","5000","CLIPRanker","0","true","leather clothes hanging on a rack in a shop","0.758","a rack of leather jackets hanging in a closet","0.7444000000000001","different colored leather jackets hanging on a rack","0.7122999999999999","leather jackets hanging on a rack at a fashion show - stock image","0.6916","a collection of leather jackets hanging on racks in a clothing store stock photography","0.6627000000000001"
"PairedImageSets","1","1","0.5","finished","-","","","2025-12-01T06:59:11.000Z","38","","false","blip","Describe this image in detail.","configs/sweep_visdiffbench_purity1.0_seed0/65_medium.yaml","Electric stoves in a kitchen","Gas stoves in a kitchen","PairedImageSets","1","./data","false","ViT-bigG-14","AntiCCA","gpt-4","CLS_0_DIFF","CLS_1_DIFF","GPTEvaluator","gpt-4","5","PairedImageSets","LLMProposer","gpt-4","10","3","20","CLIP_FRIENDLY","random","0.3","laion2b_s39b_b160k","ViT-bigG-14","5000","CLIPRanker","0","true","a black electric hot plate on a white background","0.67815","this image shows a stainless steel oven with a glass door","0.58665","a stainless steel range with a glass top","0.57945","a stainless steel oven in a kitchen with hardwood floors","0.52285","this image shows a red stove with two ovens","0.48815"
"PairedImageSets","1","1","1","finished","-","","","2025-12-01T06:58:24.000Z","41","","false","blip","Describe this image in detail.","configs/sweep_visdiffbench_purity1.0_seed0/64_medium.yaml","White roses in a vase","Pink roses in a vase","PairedImageSets","1","./data","false","ViT-bigG-14","AntiCCA","gpt-4","CLS_0_DIFF","CLS_1_DIFF","GPTEvaluator","gpt-4","5","PairedImageSets","LLMProposer","gpt-4","10","3","20","CLIP_FRIENDLY","random","0.3","laion2b_s39b_b160k","ViT-bigG-14","5000","CLIPRanker","0","true","white roses in a glass vase","0.95845","a bouquet of white roses in a glass vase","0.95745","white roses in a vase with baby's breath","0.93795","white roses in a square vase","0.93425","white flowers in a vase on a window sill","0.93225"
"PairedImageSets","1","1","1","finished","-","","","2025-12-01T06:57:38.000Z","38","","false","blip","Describe this image in detail.","configs/sweep_visdiffbench_purity1.0_seed0/63_medium.yaml","Children playing with toy cars","Children playing with toy trains","PairedImageSets","1","./data","false","ViT-bigG-14","AntiCCA","gpt-4","CLS_0_DIFF","CLS_1_DIFF","GPTEvaluator","gpt-4","5","PairedImageSets","LLMProposer","gpt-4","10","3","20","CLIP_FRIENDLY","random","0.3","laion2b_s39b_b160k","ViT-bigG-14","5000","CLIPRanker","0","true","a baby boy playing with a toy car on a white background","0.8644","a little boy playing with a toy car in his room","0.8466","a little boy laying on the floor with a toy car","0.7908999999999999","a young boy laying on the floor with a toy car","0.7898000000000001","young boy playing with toy cars in the living room royalty free","0.7766"
"PairedImageSets","1","1","0.5","finished","-","","","2025-12-01T06:56:52.000Z","39","","false","blip","Describe this image in detail.","configs/sweep_visdiffbench_purity1.0_seed0/62_medium.yaml","Digital clocks on a wall","Analog clocks on a wall","PairedImageSets","1","./data","false","ViT-bigG-14","AntiCCA","gpt-4","CLS_0_DIFF","CLS_1_DIFF","GPTEvaluator","gpt-4","5","PairedImageSets","LLMProposer","gpt-4","10","3","20","CLIP_FRIENDLY","random","0.3","laion2b_s39b_b160k","ViT-bigG-14","5000","CLIPRanker","0","true","a large digital clock with a remote control","0.9595","a digital clock with a remote control next to it","0.947","The image shows a led wall clock in a room with a bed and a bedside table","0.9295","a digital clock with blue numbers on a wall","0.8755","an image of a large led wall clock in a room","0.8695"
"PairedImageSets","0.5","0.5","0.5","finished","-","","","2025-12-01T06:56:03.000Z","41","","false","blip","Describe this image in detail.","configs/sweep_visdiffbench_purity1.0_seed0/61_medium.yaml","Hardcover books on a table","Paperback books on a table","PairedImageSets","1","./data","false","ViT-bigG-14","AntiCCA","gpt-4","CLS_0_DIFF","CLS_1_DIFF","GPTEvaluator","gpt-4","5","PairedImageSets","LLMProposer","gpt-4","10","3","20","CLIP_FRIENDLY","random","0.3","laion2b_s39b_b160k","ViT-bigG-14","5000","CLIPRanker","0","true","a row of books on a shelf stock photography","0.8569000000000001","a stack of books on a desk with pencils and pens on a white background stock photography","0.8291","a set of books, pens, pencils and a beaker on a white background stock photography","0.8269","an open book on a wooden table with a white background","0.8004","an open book on top of a stack of books","0.7966"
"PairedImageSets","0.5","0.5","0","finished","-","","","2025-12-01T06:55:16.000Z","40","","false","blip","Describe this image in detail.","configs/sweep_visdiffbench_purity1.0_seed0/60_medium.yaml","Laptop computers on a desk","Desktop computers on a desk","PairedImageSets","1","./data","false","ViT-bigG-14","AntiCCA","gpt-4","CLS_0_DIFF","CLS_1_DIFF","GPTEvaluator","gpt-4","5","PairedImageSets","LLMProposer","gpt-4","10","3","20","CLIP_FRIENDLY","random","0.3","laion2b_s39b_b160k","ViT-bigG-14","5000","CLIPRanker","0","true","a person is pouring oil into a bowl with a strainer","0.6702","a young woman in a sweater with her hand on her chin and a finger on her chin","0.6272000000000001","a laptop on a wooden table with a glass of water","0.6121000000000001","top view of a notebook on a yellow desk with pens, pencils and a calculator","0.5858","a sony dvd player with a screen","0.5346"
"PairedImageSets","1","1","1","finished","-","","","2025-12-01T06:54:28.000Z","39","","false","blip","Describe this image in detail.","configs/sweep_visdiffbench_purity1.0_seed0/59_medium.yaml","People playing electric guitars","People playing acoustic guitars","PairedImageSets","1","./data","false","ViT-bigG-14","AntiCCA","gpt-4","CLS_0_DIFF","CLS_1_DIFF","GPTEvaluator","gpt-4","5","PairedImageSets","LLMProposer","gpt-4","10","3","20","CLIP_FRIENDLY","random","0.3","laion2b_s39b_b160k","ViT-bigG-14","5000","CLIPRanker","0","true","a man playing an electric guitar in front of smoke","0.91225","a young man with long hair is playing an electric guitar","0.90835","a man is playing an electric guitar on a black background","0.8704499999999998","a young man playing an electric guitar in a studio","0.86555","a woman in a blue dress is playing an electric guitar","0.86305"
"PairedImageSets","0.5","0.5","0.5","finished","-","","","2025-12-01T06:53:43.000Z","39","","false","blip","Describe this image in detail.","configs/sweep_visdiffbench_purity1.0_seed0/58_medium.yaml","Ceramic mugs on a shelf","Glass mugs on a shelf","PairedImageSets","1","./data","false","ViT-bigG-14","AntiCCA","gpt-4","CLS_0_DIFF","CLS_1_DIFF","GPTEvaluator","gpt-4","5","PairedImageSets","LLMProposer","gpt-4","10","3","20","CLIP_FRIENDLY","random","0.3","laion2b_s39b_b160k","ViT-bigG-14","5000","CLIPRanker","0","true","Two coffee mugs with trees on them","0.62845","A stack of colorful bowls on a metal rack","0.56275","Three red cups on a wooden table with a flower in the middle 3d rendering royalty free illustration","0.5271500000000001","Black mugs on a shelf with a plant on top","0.50035","A display of teacups and saucers on a wall - stock image","0.49375"
"PairedImageSets","1","1","0.5","finished","-","","","2025-12-01T06:52:53.000Z","42","","false","blip","Describe this image in detail.","configs/sweep_visdiffbench_purity1.0_seed0/57_medium.yaml","Mountain bikes on a trail","Road bikes on a road","PairedImageSets","1","./data","false","ViT-bigG-14","AntiCCA","gpt-4","CLS_0_DIFF","CLS_1_DIFF","GPTEvaluator","gpt-4","5","PairedImageSets","LLMProposer","gpt-4","10","3","20","CLIP_FRIENDLY","random","0.3","laion2b_s39b_b160k","ViT-bigG-14","5000","CLIPRanker","0","true","a trail in the woods with rocks and ferns","0.9775","a group of mountain bikers on a rocky trail","0.97","two mountain bikers cross a wooden bridge in the woods","0.965","a boy riding a mountain bike in the woods","0.9648","two mountain bikers riding down a trail in a forest","0.9625"
"PairedImageSets","1","1","1","finished","-","","","2025-12-01T06:52:02.000Z","44","","false","blip","Describe this image in detail.","configs/sweep_visdiffbench_purity1.0_seed0/56_medium.yaml","Steel bridges over a river","Wooden bridges over a river","PairedImageSets","1","./data","false","ViT-bigG-14","AntiCCA","gpt-4","CLS_0_DIFF","CLS_1_DIFF","GPTEvaluator","gpt-4","5","PairedImageSets","LLMProposer","gpt-4","10","3","20","CLIP_FRIENDLY","random","0.3","laion2b_s39b_b160k","ViT-bigG-14","5000","CLIPRanker","0","true","a bridge with steel beams in the middle of a river","0.8375","a railroad bridge over a river","0.735","a bridge over a river in portland, oregon stock photography","0.7210000000000002","a green bridge spanning a river with trees in the background","0.4775","a rusty wrought iron bridge over a dirt road - stock image","0.3783"
"PairedImageSets","0.5","0.5","0.5","finished","-","","","2025-12-01T06:51:14.000Z","40","","false","blip","Describe this image in detail.","configs/sweep_visdiffbench_purity1.0_seed0/55_medium.yaml","Freshwater fish in an aquarium","Saltwater fish in an aquarium","PairedImageSets","1","./data","false","ViT-bigG-14","AntiCCA","gpt-4","CLS_0_DIFF","CLS_1_DIFF","GPTEvaluator","gpt-4","5","PairedImageSets","LLMProposer","gpt-4","10","3","20","CLIP_FRIENDLY","random","0.3","laion2b_s39b_b160k","ViT-bigG-14","5000","CLIPRanker","0","true","a red siamese catfish swimming in an aquarium","0.7774","a black and white fish swimming in the grass","0.709","a small fish swimming in an aquarium","0.5825","a fish tank with plants and rocks in it","0.534","a yellow and black fish on a white background","0.5216"
"PairedImageSets","1","1","0.5","finished","-","","","2025-12-01T06:50:28.000Z","39","","false","blip","Describe this image in detail.","configs/sweep_visdiffbench_purity1.0_seed0/54_medium.yaml","Leather shoes on display","Canvas shoes on display","PairedImageSets","1","./data","false","ViT-bigG-14","AntiCCA","gpt-4","CLS_0_DIFF","CLS_1_DIFF","GPTEvaluator","gpt-4","5","PairedImageSets","LLMProposer","gpt-4","10","3","20","CLIP_FRIENDLY","random","0.3","laion2b_s39b_b160k","ViT-bigG-14","5000","CLIPRanker","0","true","a pair of work boots on display in a store - stock image","0.78875","a row of men's shoes on a shelf in a shoe shop stock photography","0.7857500000000001","a group of men's shoes in a store with a sale sign stock photography","0.78495","shoes on display at a market stock photo image of shoes on display at a market stock photo image of shoes on display at a market stock","0.75525","a group of shoes in glass jars on a wooden table","0.7535499999999999"
"PairedImageSets","1","1","0.5","finished","-","","","2025-12-01T06:49:41.000Z","38","","false","blip","Describe this image in detail.","configs/sweep_visdiffbench_purity1.0_seed0/53_medium.yaml","Green apples in a basket","Red apples in a basket","PairedImageSets","1","./data","false","ViT-bigG-14","AntiCCA","gpt-4","CLS_0_DIFF","CLS_1_DIFF","GPTEvaluator","gpt-4","5","PairedImageSets","LLMProposer","gpt-4","10","3","20","CLIP_FRIENDLY","random","0.3","laion2b_s39b_b160k","ViT-bigG-14","5000","CLIPRanker","0","true","green apples in a basket on a wooden floor","0.9078","a wicker basket full of green apples on a white background stock photos","0.8991999999999999","green apples in a wicker basket on a white background stock photography","0.8745999999999999","green apples in a wooden bowl on a white background stock photos","0.8658999999999999","two wicker baskets with apples in them isolated on a white background stock photography","0.6107"
"PairedImageSets","0.5","0.5","0.5","finished","-","","","2025-12-01T06:48:51.000Z","43","","false","blip","Describe this image in detail.","configs/sweep_visdiffbench_purity1.0_seed0/52_medium.yaml","Golden retriever dogs playing","Labrador dogs playing","PairedImageSets","1","./data","false","ViT-bigG-14","AntiCCA","gpt-4","CLS_0_DIFF","CLS_1_DIFF","GPTEvaluator","gpt-4","5","PairedImageSets","LLMProposer","gpt-4","10","3","20","CLIP_FRIENDLY","random","0.3","laion2b_s39b_b160k","ViT-bigG-14","5000","CLIPRanker","0","true","a young boy is playing with a group of golden retriever puppies","0.80625","two golden retrievers standing in a field","0.7777499999999999","two golden retriever puppies kissing on the beach","0.76795","a golden retriever is laying next to a group of puppies","0.76055","a golden retriever dog holding a giraffe stuffed animal","0.75625"
"PairedImageSets","1","1","1","finished","-","","","2025-12-01T06:48:04.000Z","38","","false","blip","Describe this image in detail.","configs/sweep_visdiffbench_purity1.0_seed0/51_medium.yaml","Wooden chairs in a room","Plastic chairs in a room","PairedImageSets","1","./data","false","ViT-bigG-14","AntiCCA","gpt-4","CLS_0_DIFF","CLS_1_DIFF","GPTEvaluator","gpt-4","5","PairedImageSets","LLMProposer","gpt-4","10","3","20","CLIP_FRIENDLY","random","0.3","laion2b_s39b_b160k","ViT-bigG-14","5000","CLIPRanker","0","true","a wooden dining chair with a slatted back","0.901","a dining room with a wooden table and chairs","0.8727","a pair of wooden dining chairs with leather seats","0.8442000000000001","a pair of victorian dining chairs on a hardwood floor","0.8182","an image of a lounge chair with a wooden frame and a tan leather seat","0.7852999999999999"
"PairedImageSets","0.5","0.5","0.5","finished","-","","","2025-12-01T06:47:17.000Z","40","","false","blip","Describe this image in detail.","configs/sweep_visdiffbench_purity1.0_seed0/50_medium.yaml","SUVs on a road","Sedans on a road","PairedImageSets","1","./data","false","ViT-bigG-14","AntiCCA","gpt-4","CLS_0_DIFF","CLS_1_DIFF","GPTEvaluator","gpt-4","5","PairedImageSets","LLMProposer","gpt-4","10","3","20","CLIP_FRIENDLY","random","0.3","laion2b_s39b_b160k","ViT-bigG-14","5000","CLIPRanker","0","true","a silver jeep grand cherokee is driving down a dirt road with mountains in the background","0.9593","the nissan terrano is driving down a rocky trail","0.9459","the 2020 toyota rav4 is parked on a dirt road","0.9366","a silver mercedes gl suv is parked on a dirt road","0.929","a white land rover is driving down a rocky trail","0.9177"